{"cameraMode":{"drawMode":0,"name":"Shaded","section":"Shading Mode"},"sceneLighting":true,"audioPlay":false,"sceneViewState":{"showFog":true,"showMaterialUpdate":false,"showSkybox":true,"showFlares":true,"showImageEffects":true,"showParticleSystems":true,"showVisualEffectGraphs":true,"m_FxEnabled":true},"in2DMode":false,"pivot":{"x":-4.564113616943359,"y":0.9029715061187744,"z":-1.0047662258148194},"rotation":{"x":-0.1769258975982666,"y":-0.01977388560771942,"z":0.0035553353372961284,"w":-0.9840202927589417},"size":8.932324409484864,"orthographic":true}