{"cameraMode":{"drawMode":0,"name":"Shaded","section":"Shading Mode"},"sceneLighting":true,"audioPlay":false,"sceneViewState":{"showFog":true,"showMaterialUpdate":false,"showSkybox":true,"showFlares":true,"showImageEffects":true,"showParticleSystems":true,"showVisualEffectGraphs":true,"m_FxEnabled":true},"in2DMode":false,"pivot":{"x":-3.6559934616088869,"y":4.989352703094482,"z":0.15380722284317017},"rotation":{"x":-0.09317270666360855,"y":0.8859104514122009,"z":-0.20305195450782777,"w":-0.4065108001232147},"size":1.9747297763824463,"orthographic":false}